Workbook

Sheet Leads
A1: Company | B1: Trade | C1: City | D1: State | E1: Website | F1: Contact | G1: Title | H1: Email | I1: Phone | J1: Employees | K1: Contactable | L1: Status | M1: Notes | N1: Source Notes | O1: Source | P1: Retrieved | Q1: Source ID
A2: Lehigh HVAC LLC | B2: hvac, furnace repair, heating repair, air conditioning, residential hvac, commercial hvac | C2: Pen Argyl | D2: PA | E2: http://www.lehighhvac.com | I2: +1 484-961-7044 | J2: 1 | K2: =IF(OR(H2<>"",I2<>""),"Yes","No") | L2: New | O2: apollo.io/organizations | P2: 2026-09-19T17:30:01+00:00 | Q2: 614da4054996d900012c34a2
A3: Handyside Plumbing, HVAC & Electrical | B3: service plumbing, service hvac, service electrical, hvac installation, duct cleaning | C3: Goldsboro | D3: PA | E3: http://www.handyside.com | I3: +1 717-938-2521 | J3: 25 | K3: =IF(OR(H3<>"",I3<>""),"Yes","No") | L3: New | O3: apollo.io/organizations | P3: 2026-09-19T17:30:01+00:00 | Q3: 54a1a2bf74686942d363ac03
A4: The Longacre Company | B4: electrical services, plumbing services, hvac, remodeling, kitchen remodeling | C4: Bally | D4: PA | E4: http://www.longacreco.com | I4: +1 610-845-2261 | J4: 17 | K4: =IF(OR(H4<>"",I4<>""),"Yes","No") | L4: New | O4: apollo.io/organizations | P4: 2026-09-19T17:30:01+00:00 | Q4: 54a11bd969702d8ed4256200
A5: Lancaster Plumbing Heating Cooling & Electrical | B5: plumbing, heating, air conditioning, electrical, drain cleaning | C5: East Petersburg | D5: PA | E5: http://www.lph.biz | I5: +1 717-207-9952 | J5: 21 | K5: =IF(OR(H5<>"",I5<>""),"Yes","No") | L5: New | O5: apollo.io/organizations | P5: 2026-09-19T17:30:01+00:00 | Q5: 57c4f7eda6da986aaa172238
A6: Resnick Roofing & Contracting | B6: roofing, siding, gutters, roof repair, roof replacement | C6: Gibsonia | D6: PA | E6: http://www.resnickroof.com | I6: +1 412-307-9809 | J6: 30 | K6: =IF(OR(H6<>"",I6<>""),"Yes","No") | L6: New | O6: apollo.io/organizations | P6: 2026-09-19T17:30:01+00:00 | Q6: 5e5610acf74c260001f7d303
A7: JB Plumbing HVAC Construction | B7: hvac services, plumbing services, home remodeling & renovations, decks & additions | C7: Reading | D7: PA | E7: http://www.jbplumbinghvac.com | I7: +1 610-621-3452 | J7: 1 | K7: =IF(OR(H7<>"",I7<>""),"Yes","No") | L7: New | O7: apollo.io/organizations | P7: 2026-09-19T17:30:01+00:00 | Q7: 5fd85c81c0cf980001cf01c9
A8: Madison Concrete Construction | B8: commercial concrete construction, concrete pumping, slabs on grade, structural concrete | C8: Malvern | D8: PA | E8: http://www.madisonconcrete.com | I8: +1 610-695-8800 | J8: 42 | K8: =IF(OR(H8<>"",I8<>""),"Yes","No") | L8: New | O8: apollo.io/organizations | P8: 2026-09-19T17:30:01+00:00 | Q8: 62eb4841004d24000161dae3
A9: Croom Concrete | B9: precast concrete, cattle slats, box culverts, septic tanks | D9: PA | E9: http://www.croomconcrete.com | I9: +44 739 853 4484 | J9: 46 | K9: =IF(OR(H9<>"",I9<>""),"Yes","No") | L9: New | N9: Apollo reports state=Pennsylvania but raw_address and +44 phone indicate Limerick, Ireland. Geography filter will pass this incorrectly. | O9: apollo.io/organizations | P9: 2026-09-19T17:30:01+00:00 | Q9: 556d54fb7369641266ffeb00
A10: BLM Construction & Remodeling, LLC | B10: remodeling, roofing, painting, concrete, kitchen, bathroom | C10: York | D10: PA | E10: http://www.blmconstruction.net | I10: +1 717-650-1472 | J10: 21 | K10: =IF(OR(H10<>"",I10<>""),"Yes","No") | L10: New | O10: apollo.io/organizations | P10: 2026-09-19T17:30:01+00:00 | Q10: 5f49df2bf15fd000014be47f
A11: Voomi Supply | B11: hvac parts, hvac supplies, wholesale trade, e-commerce | C11: Philadelphia | D11: PA | E11: http://www.voomisupply.com | I11: +1 215-326-9845 | J11: 41 | K11: =IF(OR(H11<>"",I11<>""),"Yes","No") | L11: New | N11: Distributor, not a contractor. | O11: apollo.io/organizations | P11: 2026-09-19T17:30:01+00:00 | Q11: 61b6f541117cfd00a48bc4c2
A12: Moser Roofing Solutions, LLC | B12: commercial roofing, roof restoration, roof repair, roof replacement, metal roofing | C12: Lancaster | D12: PA | E12: http://www.moserroofingsolutions.com | I12: +1 717-690-2581 | J12: 41 | K12: =IF(OR(H12<>"",I12<>""),"Yes","No") | L12: New | O12: apollo.io/organizations | P12: 2026-09-19T17:30:01+00:00 | Q12: 5f4827ea7a32a000011996c7
A13: American Construction & Concrete | B13: concrete, painting, roofing, general contracting, commercial construction | C13: Mount Joy | D13: PA | E13: http://www.americancandc.com | I13: +1 717-458-1976 | J13: 32 | K13: =IF(OR(H13<>"",I13<>""),"Yes","No") | L13: New | O13: apollo.io/organizations | P13: 2026-09-19T17:30:01+00:00 | Q13: 6437c5a0b0185e01b39eb62e
A14: McHales Inc. | B14: plumbing, hvac, electrical, remodeling, home services | C14: Levittown | D14: PA | E14: http://www.mchales.net | I14: +1 215-443-3333 | J14: 13 | K14: =IF(OR(H14<>"",I14<>""),"Yes","No") | L14: New | O14: apollo.io/organizations | P14: 2026-09-19T17:30:01+00:00 | Q14: 636ce79ea839d300a34c2beb
A15: Modern Plumbing & Heating | B15: plumbing services, hvac, electrical, drain cleaning, water heater repair | C15: Macungie | D15: PA | E15: http://www.modernplumbingpa.com | I15: +1 610-435-2081 | J15: 4 | K15: =IF(OR(H15<>"",I15<>""),"Yes","No") | L15: New | O15: apollo.io/organizations | P15: 2026-09-19T17:30:01+00:00 | Q15: 65e2e8d09db56401c6b45eea
A16: Gillece | B16: plumbing services, heating services, cooling services, electrical services | C16: Bridgeville | D16: PA | I16: +1 412-888-0010 | J16: 31 | K16: =IF(OR(H16<>"",I16<>""),"Yes","No") | L16: New | N16: Queried gillece.com; Apollo matched a different org record (id 54a1364b..., no primary_domain) than the lookup result (id 6336c0bd..., 'Gillece Services'). | O16: apollo.io/organizations | P16: 2026-09-19T17:30:01+00:00 | Q16: 54a1364b69702d46f0051401
A17: FORTA Concrete Fiber | B17: fiber reinforcement, concrete reinforcement, concrete fibers | C17: Grove City | D17: PA | E17: http://www.fortacorp.com | I17: +1 724-458-5221 | J17: 44 | K17: =IF(OR(H17<>"",I17<>""),"Yes","No") | L17: New | N17: Manufacturer of concrete fiber, not a contractor. Owned by The Heritage Group. | O17: apollo.io/organizations | P17: 2026-09-19T17:30:01+00:00 | Q17: 54a1289b69702d9548e62201
A18: Gray Concrete 2 Go | B18: concrete supply, concrete delivery, decorative concrete | C18: Dover | D18: PA | E18: http://www.grayconcrete2go.com | I18: +1 717-577-3520 | J18: 3 | K18: =IF(OR(H18<>"",I18<>""),"Yes","No") | L18: New | N18: Concrete supplier. Owned by Gray Concrete Construction. | O18: apollo.io/organizations | P18: 2026-09-19T17:30:01+00:00 | Q18: 6726fb136893d600010ae1c5
A19: Christian Home Services Heating, Cooling, Plumbing & Electrical | B19: hvac, plumbing, electrical, furnace repair, air conditioning | C19: Southampton | D19: PA | E19: http://www.christianhvac.com | I19: +1 215-372-8636 | J19: 33 | K19: =IF(OR(H19<>"",I19<>""),"Yes","No") | L19: New | O19: apollo.io/organizations | P19: 2026-09-19T17:30:01+00:00 | Q19: 54a11cf469702d9d7e62e300
A20: GEN3 Electric & HVAC | B20: electrical services, hvac, electrician, panel upgrades, furnace repair | C20: Philadelphia | D20: PA | E20: http://www.generation3electric.com | I20: +1 215-512-4102 | J20: 50 | K20: =IF(OR(H20<>"",I20<>""),"Yes","No") | L20: New | O20: apollo.io/organizations | P20: 2026-09-19T17:30:01+00:00 | Q20: 556dc3937369641258da8301
A21: American Remodeling Enterprises Inc. | B21: roofing, siding, windows, remodeling, bathroom remodeling | C21: Schuylkill Haven | D21: PA | E21: http://www.americanremodeling.net | I21: +1 888-739-7339 | J21: 29 | K21: =IF(OR(H21<>"",I21<>""),"Yes","No") | L21: New | O21: apollo.io/organizations | P21: 2026-09-19T17:30:01+00:00 | Q21: 6129a94cc7406400016e8192
A22: Wm. Henderson Plumbing Heating and Cooling | B22: plumbing, hvac, electrical, drain cleaning, water heaters | C22: Broomall | D22: PA | E22: http://www.wmhendersoninc.com | I22: +1 610-544-7999 | J22: 35 | K22: =IF(OR(H22<>"",I22<>""),"Yes","No") | L22: New | O22: apollo.io/organizations | P22: 2026-09-19T17:30:01+00:00 | Q22: 5d096a28f651257f55823650
A23: Howard Concrete Pumping Company, Inc. | B23: concrete pumping, mine grouting, shotcrete walls, micropiles | C23: Canonsburg | D23: PA | E23: http://www.howardconcretepumping.com | I23: +1 412-257-1800 | J23: 43 | K23: =IF(OR(H23<>"",I23<>""),"Yes","No") | L23: New | O23: apollo.io/organizations | P23: 2026-09-19T17:30:01+00:00 | Q23: 55ef0a72f3e5bb285000281c
A24: Thermotech, Inc. | B24: heating, air conditioning, refrigeration, electrical, plumbing | C24: Camp Hill | D24: PA | E24: http://www.thermotechhbg.com | I24: +1 717-234-4500 | J24: 19 | K24: =IF(OR(H24<>"",I24<>""),"Yes","No") | L24: New | N24: Apollo's short_description describes a Minnesota injection-molding firm, not this PA HVAC/refrigeration contractor. Description field is unreliable for this record. | O24: apollo.io/organizations | P24: 2026-09-19T17:30:01+00:00 | Q24: 5c1ec7d4f651259b6e1f4b5b
A25: SJ Remodeling Co. | B25: remodeling, flooring, roofing, painting, drywall, landscaping | C25: Carlisle | D25: PA | E25: http://www.sjremodelingco.com | I25: +1 717-305-2749 | J25: 5 | K25: =IF(OR(H25<>"",I25<>""),"Yes","No") | L25: New | O25: apollo.io/organizations | P25: 2026-09-19T17:30:01+00:00 | Q25: 664c381c0302770001727f9d
A26: Essig Plumbing & Heating | B26: plumbing, heating, air conditioning, drain cleaning, heat pumps | C26: Reading | D26: PA | E26: http://www.makeitessig.com | I26: +1 610-557-3302 | J26: 35 | K26: =IF(OR(H26<>"",I26<>""),"Yes","No") | L26: New | O26: apollo.io/organizations | P26: 2026-09-19T17:30:01+00:00 | Q26: 56de964bf3e5bb706e000fe4
A27: Restano Heating, Cooling, Plumbing & Electrical | B27: hvac, plumbing, furnace repair, air conditioning repair | C27: Plum | D27: PA | E27: http://www.restano.com | I27: +1 412-528-1018 | J27: 17 | K27: =IF(OR(H27<>"",I27<>""),"Yes","No") | L27: New | O27: apollo.io/organizations | P27: 2026-09-19T17:30:01+00:00 | Q27: 5f485faab495f8000111eb37
A28: SelectPro LLC | B28: hvac, plumbing, roofing, siding, painting, remodeling | C28: Upper Darby | D28: PA | E28: http://www.selectprollc.com | I28: +1 610-880-8980 | J28: 2 | K28: =IF(OR(H28<>"",I28<>""),"Yes","No") | L28: New | O28: apollo.io/organizations | P28: 2026-09-19T17:30:01+00:00 | Q28: 56e29dfef3e5bb18dd00148d
A29: iFixit General Contractor | B29: carpentry, plumbing, electrical, roofing, landscaping, painting services | C29: Langhorne | D29: PA | E29: http://www.ifixith.com | I29: +1 267-214-0944 | J29: 4 | K29: =IF(OR(H29<>"",I29<>""),"Yes","No") | L29: New | O29: apollo.io/organizations | P29: 2026-09-19T17:30:01+00:00 | Q29: 5da6eb5884afb000019f805d
A30: Rapid Air HVAC | B30: hvac, heating, air conditioning, furnace repair, boiler repair | C30: Pottstown | D30: PA | E30: http://www.rapidairhvac.com | I30: +1 484-763-2704 | J30: 9 | K30: =IF(OR(H30<>"",I30<>""),"Yes","No") | L30: New | O30: apollo.io/organizations | P30: 2026-09-19T17:30:01+00:00 | Q30: 67284c4962f46c0001d23e6e
A31: Ames Construction, Inc. | B31: general contractor, plumbing, hvac, commercial construction | C31: Ephrata | D31: PA | E31: http://www.amesconstructioninc.com | I31: +1 717-733-4141 | J31: 34 | K31: =IF(OR(H31<>"",I31<>""),"Yes","No") | L31: New | O31: apollo.io/organizations | P31: 2026-09-19T17:30:01+00:00 | Q31: 55eb8c91f3e5bb13700002e4
A32: Heidler Roofing, LLC | B32: roofing, commercial roofing, residential roofing, metal roofing, slate | C32: York | D32: PA | E32: http://www.heidlerroofing.com | I32: +1 717-792-3549 | J32: 46 | K32: =IF(OR(H32<>"",I32<>""),"Yes","No") | L32: New | O32: apollo.io/organizations | P32: 2026-09-19T17:30:01+00:00 | Q32: 54a1d1b674686945fa9b7e13
A33: F5 Facility Services | B33: plumbing service, hvac service, painting, carpentry, concrete work, electrical service work | C33: McKees Rocks | D33: PA | E33: http://www.f5svcs.com | I33: +1 412-921-5555 | J33: 22 | K33: =IF(OR(H33<>"",I33<>""),"Yes","No") | L33: New | O33: apollo.io/organizations | P33: 2026-09-19T17:30:01+00:00 | Q33: 5da361a4e53eb80001767204
A34: Mattioni Plumbing, Heating & Cooling | B34: plumbing, hvac, heating, cooling, water heater services | C34: Downingtown | D34: PA | E34: http://www.callmattioni.com | I34: +1 610-400-8510 | J34: 44 | K34: =IF(OR(H34<>"",I34<>""),"Yes","No") | L34: New | O34: apollo.io/organizations | P34: 2026-09-19T17:30:01+00:00 | Q34: 5a9e305fa6da98d96643c97b
A35: Russell Roofing & Exteriors | B35: roofing, gutters, siding, windows, masonry, slate | C35: Oreland | D35: PA | E35: http://www.russellroofing.com | I35: +1 888-567-7663 | J35: 34 | K35: =IF(OR(H35<>"",I35<>""),"Yes","No") | L35: New | O35: apollo.io/organizations | P35: 2026-09-19T17:30:01+00:00 | Q35: 54a138e269702d2bfdc91300
A36: Home Exchange PA | B36: carpentry services, lawn care, remodeling, plumbing services, roofing, painting | C36: Philadelphia | D36: PA | E36: http://www.homexchangepa.com | I36: +1 215-966-1660 | J36: 6 | K36: =IF(OR(H36<>"",I36<>""),"Yes","No") | L36: New | O36: apollo.io/organizations | P36: 2026-09-19T17:30:01+00:00 | Q36: 5fcb2475439c2e00016b5ac4
... A42: Eastern Roofing Systems, Inc. | B42: commercial roofing, metal roofs, flat roofing, roof maintenance | C42: Jessup | D42: PA | E42: http://www.easternroofingsystems.com | I42: +1 570-383-1818 | J42: 26 | K42: =IF(OR(H42<>"",I42<>""),"Yes","No") | L42: New | O42: apollo.io/organizations | P42: 2026-09-19T17:30:01+00:00 | Q42: 54a19a07746869586086e200
A43: Gray Concrete Construction | B43: concrete construction, decorative concrete, retaining walls, concrete repair | C43: Dover | D43: PA | E43: http://www.grayconcreteconstruction.com | I43: +1 717-577-3520 | J43: 3 | K43: =IF(OR(H43<>"",I43<>""),"Yes","No") | L43: New | N43: Shares phone with Gray Concrete 2 Go (sister company, same number). | O43: apollo.io/organizations | P43: 2026-09-19T17:30:01+00:00 | Q43: 5500c2ba7369646159214300
A44: James Brown Plumbing Heating & Air Conditioning, LLC | B44: plumbing, heating, air conditioning, geothermal, radiant heat, landscaping | C44: West Chester | D44: PA | E44: http://www.jamesbrownphac.com | I44: +1 610-873-0622 | J44: 8 | K44: =IF(OR(H44<>"",I44<>""),"Yes","No") | L44: New | O44: apollo.io/organizations | P44: 2026-09-19T17:30:01+00:00 | Q44: 54a1c0f974686945fa29ff0d
A45: Snyder's Plumbing Inc. | B45: residential plumbing, residential hvac, remodeling, water treatment | C45: Lancaster | D45: PA | E45: http://www.snydersplumbing.com | I45: +1 717-492-9128 | J45: 6 | K45: =IF(OR(H45<>"",I45<>""),"Yes","No") | L45: New | O45: apollo.io/organizations | P45: 2026-09-19T17:30:01+00:00 | Q45: 55f432b7f3e5bb1e190069c8
A46: McLoughlin Plumbing, Heating, & Cooling | B46: plumbing, heating, air conditioning, hvac, bath remodeling | C46: Upper Darby | D46: PA | E46: http://www.mcloughlinphc.com | I46: +1 610-624-8037 | J46: 15 | K46: =IF(OR(H46<>"",I46<>""),"Yes","No") | L46: New | N46: Owned by HomeServe UK; ultimate parent Brookfield. Not independent. | O46: apollo.io/organizations | P46: 2026-09-19T17:30:01+00:00 | Q46: 54a1284569702d9548b1f900
A47: J&A Heating, Cooling, Plumbing & Electric | B47: hvac installation repair, plumbing services, electrical services, furnace repair | C47: West Mifflin | D47: PA | E47: http://www.jandahvac.com | I47: +1 412-835-1010 | J47: 8 | K47: =IF(OR(H47<>"",I47<>""),"Yes","No") | L47: New | O47: apollo.io/organizations | P47: 2026-09-19T17:30:01+00:00 | Q47: 5ed11ee3cd850a000199d744
A48: CircuitSolver | B48: balancing valves, plumbing equipment manufacturing, hvac equipment manufacturing | C48: Warminster | D48: PA | E48: http://www.circuitsolver.com | I48: +1 877-379-8258 | J48: 2 | K48: =IF(OR(H48<>"",I48<>""),"Yes","No") | L48: New | N48: Valve manufacturer (brand of ThermOmegaTech), not a contractor. | O48: apollo.io/organizations | P48: 2026-09-19T17:30:01+00:00 | Q48: 5e559ec4e04e960001855c43
A49: Pipeline Systems, Inc. | B49: pipeline construction, industrial construction, roofing, commercial construction | C49: Meadville | D49: PA | E49: http://www.thegildeagroup.com | I49: +1 814-724-3029 | J49: 30 | K49: =IF(OR(H49<>"",I49<>""),"Yes","No") | L49: New | O49: apollo.io/organizations | P49: 2026-09-19T17:30:01+00:00 | Q49: 5a9e6e05a6da98d9664553e2
A50: Premier Remodeling Solutions | B50: remodeling, kitchen remodeling, painting, roofing, siding, hardscaping | C50: Pittsburgh | D50: PA | E50: http://www.pittsburghremodelingsolutions.com | I50: +1 412-485-0550 | J50: 2 | K50: =IF(OR(H50<>"",I50<>""),"Yes","No") | L50: New | O50: apollo.io/organizations | P50: 2026-09-19T17:30:01+00:00 | Q50: 5da61aa4d84d9e0001386a2e
A51: Modern Maintenance Group | B51: landscaping, electrical, plumbing hvac, interior painting, asphalt maintenance | C51: Kingston | D51: PA | E51: http://www.mymodernmg.com | I51: +1 610-257-7685 | J51: 1 | K51: =IF(OR(H51<>"",I51<>""),"Yes","No") | L51: New | O51: apollo.io/organizations | P51: 2026-09-19T17:30:01+00:00 | Q51: 670b293e7d492300015414c5
A52: The Long Barn, Inc. | B52: lumber plywood, roofing, siding, hvac, plumbing, building materials | C52: Ebensburg | D52: PA | E52: http://www.longbarninc.com | I52: +1 814-472-9122 | J52: 11 | K52: =IF(OR(H52<>"",I52<>""),"Yes","No") | L52: New | N52: Building-materials retailer, not primarily a contractor. | O52: apollo.io/organizations | P52: 2026-09-19T17:30:01+00:00 | Q52: 5da4510d03c66e00011876be
A53: Al Jamal - Design & Build | B53: remodeling, painting, plumbing, electrical, design build | C53: Philadelphia | D53: PA | E53: http://www.aljamaldesign.com | I53: +1 267-815-8645 | J53: 9 | K53: =IF(OR(H53<>"",I53<>""),"Yes","No") | L53: New | O53: apollo.io/organizations | P53: 2026-09-19T17:30:01+00:00 | Q53: 56de9c76f3e5bb7076001141
A54: Pennsylvania Aggregates and Concrete Association (PACA) | B54: industry associations, concrete certification, ready mixed concrete | C54: Harrisburg | D54: PA | E54: http://www.pacaweb.org | I54: +1 717-234-2603 | J54: 9 | K54: =IF(OR(H54<>"",I54<>""),"Yes","No") | L54: New | N54: Trade association, not a contractor. | O54: apollo.io/organizations | P54: 2026-09-19T17:30:01+00:00 | Q54: 63c3b92eee04d800010feb2f
A55: Choice Home Remodeling, Inc. | B55: remodeling, roofing, siding, kitchen remodeling, bathroom remodeling | C55: New Holland | D55: PA | E55: http://www.choicehomeremodeling.com | I55: +1 717-354-2003 | J55: 13 | K55: =IF(OR(H55<>"",I55<>""),"Yes","No") | L55: New | O55: apollo.io/organizations | P55: 2026-09-19T17:30:01+00:00 | Q55: 5e58e614a5b0780001f1d42f
A56: Seifert Concrete | B56: concrete construction, foundations, flatwork, stamped concrete, excavation | C56: Dillsburg | D56: PA | E56: http://www.seifertconcrete.com | I56: +1 717-432-5020 | J56: 15 | K56: =IF(OR(H56<>"",I56<>""),"Yes","No") | L56: New | O56: apollo.io/organizations | P56: 2026-09-19T17:30:01+00:00 | Q56: 64164711385f42000186c58c
A57: Angel Home Solutions | B57: flooring, painting, roofingsiding, electrical, concrete, remodeling | C57: Mechanicsburg | D57: PA | E57: http://www.angel-home-solutions.com | I57: +1 717-620-8917 | J57: 2 | K57: =IF(OR(H57<>"",I57<>""),"Yes","No") | L57: New | O57: apollo.io/organizations | P57: 2026-09-19T17:30:01+00:00 | Q57: 54a1b72b74686949e76d8f0a
A58: Architectural Concrete Design | B58: stamped concrete, decorative concrete, concrete, landscaping | C58: Levittown | D58: PA | E58: http://www.acdconcrete.com | I58: +1 215-946-5039 | J58: 12 | K58: =IF(OR(H58<>"",I58<>""),"Yes","No") | L58: New | O58: apollo.io/organizations | P58: 2026-09-19T17:30:01+00:00 | Q58: 55699f177369642598ac6800
A59: Joyland Roofing | B59: roofing contractor, siding contractor, metal roofing, roof repairs, seamless gutters | C59: Elizabethtown | D59: PA | E59: http://www.joylandroofing.com | I59: +1 717-459-3499 | J59: 28 | K59: =IF(OR(H59<>"",I59<>""),"Yes","No") | L59: New | O59: apollo.io/organizations | P59: 2026-09-19T17:30:01+00:00 | Q59: 5500cdc973696460f4427800
A60: Just Grind it, LLC | B60: concrete grinding, concrete polishing, concrete restoration, epoxy prep | C60: Manchester | D60: PA | E60: http://www.justgrinditconcrete.com | I60: +1 717-903-7569 | J60: 6 | K60: =IF(OR(H60<>"",I60<>""),"Yes","No") | L60: New | O60: apollo.io/organizations | P60: 2026-09-19T17:30:01+00:00 | Q60: 5fc9cc7976b13600019d82f8
A61: McClain Bros | B61: plumbing, heating, hvac, electrical, bathroom remodeling, drain cleaning | C61: Levittown | D61: PA | E61: http://www.mcclainbros.com | I61: +1 215-788-0803 | J61: 6 | K61: =IF(OR(H61<>"",I61<>""),"Yes","No") | L61: New | O61: apollo.io/organizations | P61: 2026-09-19T17:30:01+00:00 | Q61: 67991fc100c3d201b0dc6241
A62: Cocalico Plumbing & Heating | B62: hvac, plumbing, heating service, air conditioning service, geothermal | C62: Denver | D62: PA | E62: http://www.cocalicoph.com | I62: +1 717-738-0760 | J62: 6 | K62: =IF(OR(H62<>"",I62<>""),"Yes","No") | L62: New | O62: apollo.io/organizations | P62: 2026-09-19T17:30:01+00:00 | Q62: 54a1340c69702d2db4795200
A63: Habitat Building | B63: remodeling, roofing siding, kitchens baths, custom homes, painting services, landscaping solutions | C63: Lehighton | D63: PA | E63: http://www.habitatbuilding.com | I63: +1 570-409-3033 | J63: 5 | K63: =IF(OR(H63<>"",I63<>""),"Yes","No") | L63: New | O63: apollo.io/organizations | P63: 2026-09-19T17:30:01+00:00 | Q63: 556d65eb736964122f1efe00
A64: 247 Home Remodeling | B64: metal roofing, asphalt roofing, siding, windows, remodeling, hvac | C64: Hickory | D64: PA | E64: http://www.247homeremodeling.com | I64: +1 412-212-6444 | J64: 4 | K64: =IF(OR(H64<>"",I64<>""),"Yes","No") | L64: New | O64: apollo.io/organizations | P64: 2026-09-19T17:30:01+00:00 | Q64: 6612993ae6ca0d0007d0673c
A65: Two Dudes Painting Company | B65: commercial painting, residential painting, interior painting, exterior painting | C65: Lancaster | D65: PA | E65: http://www.twodudes.com | I65: +1 717-396-1207 | J65: 41 | K65: =IF(OR(H65<>"",I65<>""),"Yes","No") | L65: New | O65: apollo.io/organizations | P65: 2026-09-19T17:30:01+00:00 | Q65: 54a1392669702de5b3a11500
A66: Chadwick Service Company | B66: hvac, commercial hvac, plumbing, refrigeration, boilers, chillers | C66: Bensalem | D66: PA | E66: http://www.chadwickservice.com | I66: +1 215-245-8200 | J66: 48 | K66: =IF(OR(H66<>"",I66<>""),"Yes","No") | L66: New | O66: apollo.io/organizations | P66: 2026-09-19T17:30:01+00:00 | Q66: 54a1353669702d48e2536e00
... A68: Heiler Painting | B68: interior painting, exterior painting, residential painting, carpentry services, drywall repair | C68: Media | D68: PA | E68: http://www.heilerpainting.com | I68: +1 610-818-7920 | J68: 22 | K68: =IF(OR(H68<>"",I68<>""),"Yes","No") | L68: New | O68: apollo.io/organizations | P68: 2026-09-19T17:30:01+00:00 | Q68: 5ef45bdd33527e0184a69242
A69: Cherry Roofing and Siding | B69: roofing, vinyl siding, window installation, kitchen remodeling | C69: Bensalem | D69: PA | E69: http://www.cherryroofingandsiding.com | I69: +1 856-347-8292 | J69: 13 | K69: =IF(OR(H69<>"",I69<>""),"Yes","No") | L69: New | N69: Acquired by Victors Home Solutions (Dec 2024). Phone is a NJ 856 area code despite PA address. | O69: apollo.io/organizations | P69: 2026-09-19T17:30:01+00:00 | Q69: 5e55e4cc46c72000019e6c31
A70: Donnelly's Plumbing, Cooling & Heating | B70: plumbing, heating, hvac, air conditioning, water treatment | C70: Lansdale | D70: PA | E70: http://www.4donnellys.com | I70: +1 215-855-2014 | J70: 31 | K70: =IF(OR(H70<>"",I70<>""),"Yes","No") | L70: New | O70: apollo.io/organizations | P70: 2026-09-19T17:30:01+00:00 | Q70: 5d09a775a3ae619a7ab0eb91
A71: Marciano Contracting Services, LLC | B71: interior renovations, landscaping, hardscaping, roofing services, plumbing services, remodeling | C71: Pittsburgh | D71: PA | E71: http://www.marcianocontracting.com | I71: +1 412-440-8321 | J71: 2 | K71: =IF(OR(H71<>"",I71<>""),"Yes","No") | L71: New | O71: apollo.io/organizations | P71: 2026-09-19T17:30:01+00:00 | Q71: 66e7d882edbc350001d96b05
A72: Dream Team Plumbing Electric Heating Cooling | B72: plumbing, electric, heating, cooling, hvac, drain cleaning | C72: Media | D72: PA | E72: http://www.dreamteampa.com | I72: +1 610-609-7771 | J72: 12 | K72: =IF(OR(H72<>"",I72<>""),"Yes","No") | L72: New | O72: apollo.io/organizations | P72: 2026-09-19T17:30:01+00:00 | Q72: 5e79cc88d02d2900c2e8bb64
A73: Kenneth Clark Painting LLC | B73: residential painting, commercial painting, interior painting, exterior painting, power washing | C73: Broomall | D73: PA | E73: http://www.kennethclarkpainting.com | I73: +1 610-348-3497 | J73: 2 | K73: =IF(OR(H73<>"",I73<>""),"Yes","No") | L73: New | O73: apollo.io/organizations | P73: 2026-09-19T17:30:01+00:00 | Q73: 5da3a36d04829100014f82c3
A74: Escajeda Masonry & Concrete | B74: masonry restoration, brickwork, concrete work, chimney rebuilding, retaining walls | C74: Pittsburgh | D74: PA | E74: http://www.escajedamasonry.com | I74: +1 412-760-4621 | J74: 11 | K74: =IF(OR(H74<>"",I74<>""),"Yes","No") | L74: New | O74: apollo.io/organizations | P74: 2026-09-19T17:30:01+00:00 | Q74: 61eb850584da410001ca3aa9
A75: Earl Weaver Contractors LLC | B75: new home construction, remodeling, hvac, plumbing, painting, concrete | C75: Lebanon | D75: PA | E75: http://www.earlweaver.com | I75: +1 717-821-1010 | J75: 2 | K75: =IF(OR(H75<>"",I75<>""),"Yes","No") | L75: New | O75: apollo.io/organizations | P75: 2026-09-19T17:30:01+00:00 | Q75: 55e7ea2bf3e5bb1b070003ae
A76: O'Donnell Roofing Co | B76: roofing, commercial roofing, siding, gutters, metal roofing, skylights | C76: Berwyn | D76: PA | E76: http://www.odonnellroofingco.com | I76: +1 610-449-8188 | J76: 13 | K76: =IF(OR(H76<>"",I76<>""),"Yes","No") | L76: New | O76: apollo.io/organizations | P76: 2026-09-19T17:30:01+00:00 | Q76: 6727d6f489fe3607d3244c13
A77: RYAN AMATO PAINTING LLC | B77: painting, exterior painting, interior painting, epoxy flooring, cabinet refinishing | C77: Easton | D77: PA | E77: http://www.ryanamatopainting.com | I77: +1 484-821-7112 | J77: 15 | K77: =IF(OR(H77<>"",I77<>""),"Yes","No") | L77: New | O77: apollo.io/organizations | P77: 2026-09-19T17:30:01+00:00 | Q77: 5f4152d9b3305e00013404db
A78: Guaranteed Plumbing | B78: heating, plumbing, air conditioning, drain cleaning, bathroom remodel | C78: Philadelphia | D78: PA | E78: http://www.guaranteedplumbingandheating.com | I78: +1 215-240-8610 | J78: 33 | K78: =IF(OR(H78<>"",I78<>""),"Yes","No") | L78: New | O78: apollo.io/organizations | P78: 2026-09-19T17:30:01+00:00 | Q78: 54a1a5cf7468694012b79104
A79: Galaxy Roofing | B79: roofing, siding, gutters, metal roofing, flat roofing | C79: Mountville | D79: PA | E79: http://www.galaxy-roofing.com | I79: +1 888-602-1585 | J79: 14 | K79: =IF(OR(H79<>"",I79<>""),"Yes","No") | L79: New | N79: Apollo keyword list is polluted with unrelated e-commerce/Lazada terms. | O79: apollo.io/organizations | P79: 2026-09-19T17:30:01+00:00 | Q79: 5da65c46e03360000162126d
A80: Commercial Roofing Solutions | B80: commercial roofing, roofing materials, epdm, tpo | C80: Brookhaven | D80: PA | E80: http://www.crsreps.com | I80: +1 610-874-2673 | J80: 18 | K80: =IF(OR(H80<>"",I80<>""),"Yes","No") | L80: New | N80: Manufacturer's rep firm, not a roofing contractor. | O80: apollo.io/organizations | P80: 2026-09-19T17:30:01+00:00 | Q80: 54a1abc2746869586066a106
A81: C3 Roofing & Remodeling Inc. | B81: roofing, siding, gutter systems, windows, remodeling | C81: Hanover | D81: PA | E81: http://www.cr3america.com | I81: +1 717-905-0223 | J81: 7 | K81: =IF(OR(H81<>"",I81<>""),"Yes","No") | L81: New | O81: apollo.io/organizations | P81: 2026-09-19T17:30:01+00:00 | Q81: 5e56be869f95ad0001367773
A82: Nauman Inc | B82: roofing, plumbing, heating cooling, hvac, general contracting | C82: East Stroudsburg | D82: PA | E82: http://www.naumaninc.com | I82: +1 570-476-7515 | J82: 18 | K82: =IF(OR(H82<>"",I82<>""),"Yes","No") | L82: New | O82: apollo.io/organizations | P82: 2026-09-19T17:30:01+00:00 | Q82: 5b87022e324d445cc0323c57
A83: Verilok Property Preservation LLC | B83: electrical, plumbing, general contracting, landscaping, property preservation | D83: PA | E83: http://www.verilok.com | I83: +1 267-664-9457 | J83: 1 | K83: =IF(OR(H83<>"",I83<>""),"Yes","No") | L83: New | O83: apollo.io/organizations | P83: 2026-09-19T17:30:01+00:00 | Q83: 5da39bd6dabf880001b3a966
A84: Protecall, LLC | B84: hvac, coatings, air quality, corrosion protection | C84: Scott Township | D84: PA | E84: http://www.protecall.com | I84: +1 888-345-8378 | J84: 30 | K84: =IF(OR(H84<>"",I84<>""),"Yes","No") | L84: New | N84: HVAC coatings specialist; acquired by Nationwide Cooling Group (Mar 2026). | O84: apollo.io/organizations | P84: 2026-09-19T17:30:01+00:00 | Q84: 5ed341e3f2ab0d00011079ca
A85: Amerail Systems Hotel Renovations | B85: general contractor, hotel exterior renovation, painting, waterproofing, windows | C85: Erie | D85: PA | E85: http://www.amerailsys.com | I85: +1 800-451-8221 | J85: 27 | K85: =IF(OR(H85<>"",I85<>""),"Yes","No") | L85: New | O85: apollo.io/organizations | P85: 2026-09-19T17:30:01+00:00 | Q85: 5e5606e3e36a770001bec1fe
A86: BSEG, LLC | B86: hvac, electrical power systems, plumbing, fire protection, engineering | C86: Allentown | D86: PA | E86: http://www.bseg-ce.com | I86: +1 610-351-8225 | J86: 23 | K86: =IF(OR(H86<>"",I86<>""),"Yes","No") | L86: New | N86: Consulting engineering firm, not a trade contractor. | O86: apollo.io/organizations | P86: 2026-09-19T17:30:01+00:00 | Q86: 54a126cc69702da220c50300
A87: Global Employment USA | B87: construction staffing, hvacmechanical contracting, demolition, recruitment | C87: Allentown | D87: PA | E87: http://www.globalemploymentusa.com | I87: +1 610-706-0343 | J87: 12 | K87: =IF(OR(H87<>"",I87<>""),"Yes","No") | L87: New | N87: Staffing agency, not a contractor. | O87: apollo.io/organizations | P87: 2026-09-19T17:30:01+00:00 | Q87: 54a11d0569702d8aa19fd000
A88: Pinnacle Sales | B88: plumbing systems, heating systems, hvac, wholesale building materials | C88: Pittsburgh | D88: PA | E88: http://www.pinnaclereps.com | I88: +1 412-461-9663 | J88: 35 | K88: =IF(OR(H88<>"",I88<>""),"Yes","No") | L88: New | N88: Manufacturers' rep agency, not a contractor. | O88: apollo.io/organizations | P88: 2026-09-19T17:30:01+00:00 | Q88: 55ebbfc4f3e5bb61e2001f84
A89: Keystone Sales & Associates | B89: plumbing, heating, air conditioning, hvac, wholesale building materials | C89: Pottstown | D89: PA | E89: http://www.uskeystonesales.com | I89: +1 800-220-1025 | J89: 30 | K89: =IF(OR(H89<>"",I89<>""),"Yes","No") | L89: New | N89: Manufacturers' rep agency, not a contractor. | O89: apollo.io/organizations | P89: 2026-09-19T17:30:01+00:00 | Q89: 5fc9a72a684f7800013fbb64
A90: EcoMetric | B90: energy efficiency, consulting, energy audits, hvac systems | C90: Exton | D90: PA | E90: http://www.ecometricconsulting.com | I90: +1 610-400-8600 | J90: 38 | K90: =IF(OR(H90<>"",I90<>""),"Yes","No") | L90: New | N90: Energy consulting firm, not a contractor. | O90: apollo.io/organizations | P90: 2026-09-19T17:30:01+00:00 | Q90: 5a9ee960a6da98d98c70c9f2

Sheet Rejected
A1: Company | B1: Trade | C1: City | D1: State | E1: Email | F1: Phone | G1: Rejected for
A2: United Employment Group, Inc. | B2: executive search, construction staffing, recruitment services | C2: Allentown | D2: PA | F2: +1 610-351-8070 | G2: trade executive search, construction staffing, recruitment services not in target list
A3: Veteran Forged Solutions | B3: general construction renovations, drywall, painting, roofing, light carpentry | C3: West Chester | D3: PA | G3: no email or phone
A4: JR Contractor LLC | B4: renovations, drywall, painting, roofing framing, decks | C4: Coatesville | D4: PA | G4: no email or phone
A5: Mesta Electronics, LLC | B5: power quality, transformers, harmonic filters | C5: North Huntingdon | D5: PA | F5: +1 412-754-3000 | G5: trade power quality, transformers, harmonic filters not in target list
A6: Focal Point Remodeling | B6: bathroom remodel, kitchen remodel, window replacement, roofing | C6: Harrisburg | D6: PA | G6: no email or phone
A7: Advanced Construction Robotics | B7: construction, robotics, rebar installation, bridge construction | C7: Pittsburgh | D7: PA | F7: +1 412-756-3360 | G7: trade construction, robotics, rebar installation, bridge construction not in target list

Sheet Summary
A1: Lead list summary
A3: Qualified leads | B3: =COUNTA(Leads!A2:A90) | C3: Rows on the Leads tab.
A4: With email | B4: =COUNTIF(Leads!H2:H90,"?*") | C4: Non-blank Email cells.
A5: With phone | B5: =COUNTIF(Leads!I2:I90,"?*") | C5: Non-blank Phone cells.
A6: Contactable | B6: =COUNTIF(Leads!K2:K90,"Yes") | C6: Either an email or a phone number.
A7: Rejected | B7: 6 | C7: See the Rejected tab for the reason on each.
A10: Pipeline
A11: New | B11: =COUNTIF(Leads!L2:L90,"New")
A12: Contacted | B12: =COUNTIF(Leads!L2:L90,"Contacted")
A13: Replied | B13: =COUNTIF(Leads!L2:L90,"Replied")
A14: Meeting | B14: =COUNTIF(Leads!L2:L90,"Meeting")
A15: Won | B15: =COUNTIF(Leads!L2:L90,"Won")
A16: Dead | B16: =COUNTIF(Leads!L2:L90,"Dead")
A19: How to use this
A20: Yellow cells are yours to edit — column L (Status) and column M (Notes) on the Leads tab.
A21: Status accepts: New, Contacted, Replied, Meeting, Won, Dead. The Pipeline counts above follow what you type.
A22: Contactable (column K) is a formula. Fill in a missing phone or email and it updates itself.
A23: Everything else came from the source and is overwritten on the next export.
A24: Filters applied — states: PA; 8 trades; contactable only
